[Header],,,,,,,,,
IEMFileVersion,4,,,,,,,,
Date,03/09/2020,,,,,,,,
Workflow,GenerateFASTQ,,,,,,,,
Application,NextSeqFASTQOnly,,,,,,,,
Assay,,,,,,,,,
Description,,,,,,,,,
Chemistry,Amplicon,,,,,,,,
,,,,,,,,,
[Reads],,,,,,,,,
100,,,,,,,,,
,,,,,,,,,
,,,,,,,,,
[Settings],,,,,,,,,
,,,,,,,,,
[Data],,,,,,,,,
Lane,Sample_ID,Sample_Name,Sample_Plate,Sample_Well,I7_Index_ID,index,I5_Index_ID,index2,Sample_Project
,RNP_NEG_1_96h,RNP_NEG_1_96h,A1,1,N711,AAGAGGCA,S508,,DiMiccoR_1323_ContiA_RNA
,RNP_NEG_ANAK_1_96h,RNP_NEG_ANAK_1_96h,B1,2,N712,GTAGAGGA,S508,,DiMiccoR_1323_ContiA_RNA
,GE_1_96h,GE_1_96h,C1,3,N714,GCTCATGA,S508,,DiMiccoR_1323_ContiA_RNA
,GE_1_ANAK_96h,GE_1_ANAK_96h,D1,4,N715,ATCTCAGG,S508,,DiMiccoR_1323_ContiA_RNA
,RNP_NEG_2_96h,RNP_NEG_2_96h,E1,5,N716,ACTCGCTA,S508,,DiMiccoR_1323_ContiA_RNA
,RNP_NEG_ANAK_2_96h,RNP_NEG_ANAK_2_96h,F1,6,N718,GGAGCTAC,S508,,DiMiccoR_1323_ContiA_RNA
,GE_2_96h,GE_2_96h,G1,7,N719,GCGTAGTA,S508,,DiMiccoR_1323_ContiA_RNA
,GE_2_ANAK_96h,GE_2_ANAK_96h,H1,8,N720,CGGAGCCT,S508,,DiMiccoR_1323_ContiA_RNA
,RNP_NEG_3_96h,RNP_NEG_3_96h,A2,9,N721,TACGCTGC,S508,,DiMiccoR_1323_ContiA_RNA
,RNP_NEG_ANAK_3_96h,RNP_NEG_ANAK_3_96h,B2,10,N722,ATGCGCAG,S508,,DiMiccoR_1323_ContiA_RNA
,GE_3_96h,GE_3_96h,C2,11,N723,TAGCGCTC,S508,,DiMiccoR_1323_ContiA_RNA
,GE_3_ANAK_96h,GE_3_ANAK_96h,D2,12,N724,ACTGAGCG,S508,,DiMiccoR_1323_ContiA_RNA
,WT_TSB_A,WT_TSB_A,A1,1A_WTTSBA,UDI0001_i7,CCGCGGTT,UDI0001_i5,,BragonziA_1159_ProkaryoticRNASeq
,WT_TSB_B,WT_TSB_B,B1,1B_WTTSBB,UDI0002_i7,TTATAACC,UDI0002_i5,,BragonziA_1159_ProkaryoticRNASeq
,WT_TSB_C,WT_TSB_C,C1,1C_WTTSBC,UDI0003_i7,GGACTTGG,UDI0003_i5,,BragonziA_1159_ProkaryoticRNASeq
,WT_TSB_D,WT_TSB_D,D1,1D_WTTSBD,UDI0004_i7,AAGTCCAA,UDI0004_i5,,BragonziA_1159_ProkaryoticRNASeq
,WT_TSB_E,WT_TSB_E,E1,1E_WTTSBE,UDI0005_i7,ATCCACTG,UDI0005_i5,,BragonziA_1159_ProkaryoticRNASeq
,WT_TSB_F,WT_TSB_F,F1,1F_WTTSBF,UDI0006_i7,GCTTGTCA,UDI0006_i5,,BragonziA_1159_ProkaryoticRNASeq
,WT_RP73_A,WT_RP73_A,G1,1G_WTRP73A,UDI0007_i7,CAAGCTAG,UDI0007_i5,,BragonziA_1159_ProkaryoticRNASeq
,WT_RP73_B,WT_RP73_B,H1,1H_WTRP73B,UDI0008_i7,TGGATCGA,UDI0008_i5,,BragonziA_1159_ProkaryoticRNASeq
,WT_RP73_C,WT_RP73_C,A2,2A_WTRP73C,UDI0009_i7,AGTTCAGG,UDI0009_i5,,BragonziA_1159_ProkaryoticRNASeq
,WT_RP73_D,WT_RP73_D,B2,2B_WTRP73D,UDI0010_i7,GACCTGAA,UDI0010_i5,,BragonziA_1159_ProkaryoticRNASeq
,WT_RP73_E,WT_RP73_E,C2,2C_WTRP73E,UDI0011_i7,TCTCTACT,UDI0011_i5,,BragonziA_1159_ProkaryoticRNASeq
,WT_RP73_F,WT_RP73_F,D2,2D_WTRP73F,UDI0012_i7,CTCTCGTC,UDI0012_i5,,BragonziA_1159_ProkaryoticRNASeq
,DF_TSB_A,DF_TSB_A,E2,2E_DFTSBA,UDI0013_i7,CCAAGTCT,UDI0013_i5,,BragonziA_1159_ProkaryoticRNASeq
,DF_TSB_B,DF_TSB_B,F2,2F_DFTSBB,UDI0014_i7,TTGGACTC,UDI0014_i5,,BragonziA_1159_ProkaryoticRNASeq
,DF_TSB_C,DF_TSB_C,G2,2G_DFTSBC,UDI0015_i7,GGCTTAAG,UDI0015_i5,,BragonziA_1159_ProkaryoticRNASeq
,DF_TSB_D,DF_TSB_D,H2,2H_DFTSBD,UDI0016_i7,AATCCGGA,UDI0016_i5,,BragonziA_1159_ProkaryoticRNASeq
,DF_TSB_E,DF_TSB_E,A3,3A_DFTSBE,UDI0017_i7,TAATACAG,UDI0017_i5,,BragonziA_1159_ProkaryoticRNASeq
,DF_TSB_F,DF_TSB_F,B3,3B_DFTSBF,UDI0018_i7,CGGCGTGA,UDI0018_i5,,BragonziA_1159_ProkaryoticRNASeq
,DF_RP73_A,DF_RP73_A,C3,3C_DFRP73A,UDI0019_i7,ATGTAAGT,UDI0019_i5,,BragonziA_1159_ProkaryoticRNASeq
,DF_RP73_B,DF_RP73_B,D3,3D_DFRP73B,UDI0020_i7,GCACGGAC,UDI0020_i5,,BragonziA_1159_ProkaryoticRNASeq
,DF_RP73_C,DF_RP73_C,E3,3E_DFRP73C,UDI0021_i7,GGTACCTT,UDI0021_i5,,BragonziA_1159_ProkaryoticRNASeq
,DF_RP73_D,DF_RP73_D,F3,3F_DFRP73D,UDI0022_i7,AACGTTCC,UDI0022_i5,,BragonziA_1159_ProkaryoticRNASeq
,DF_RP73_E,DF_RP73_E,G3,3G_DFRP73E,UDI0023_i7,GCAGAATT,UDI0023_i5,,BragonziA_1159_ProkaryoticRNASeq
,DF_RP73_F,DF_RP73_F,H3,3H_DFRP73F,UDI0024_i7,ATGAGGCC,UDI0024_i5,,BragonziA_1159_ProkaryoticRNASeq
